Text,rule_clean,tfidf_clean,deep_clean
"Having tried a couple of other brands of gluten-free sandwich cookies, these are the best of the bunch.  They're crunchy and true to the texture of the other ""real"" cookies that aren't gluten-free.  Some might think that the filling makes them a bit too sweet, but for me that just means I've satisfied my sweet tooth sooner!  The chocolate version from Glutino is just as good and has a true ""chocolatey"" taste - something that isn't there with the other gluten-free brands out there.",having tried a couple of other brands of gluten-free sandwich cookies these are the best of the bunch they're crunchy and true to the texture of the other real cookies that aren't gluten-free some might think that the filling makes them a bit too sweet but for me that just means i've satisfied my sweet tooth sooner! the chocolate version from glutino is just as good and has a true chocolatey taste - something that isn't there with the other gluten-free brands out there,having tried a couple of other brands of gluten free sandwich cookies these are best of bunch they re crunchy true to texture of other real cookies that aren t gluten free some might think that filling makes them a bit too sweet but for me that just means ve satisfied my sweet tooth sooner chocolate version from is just as good has a true chocolatey taste something that isn t there with other gluten free brands out there,▁having ▁tried ▁a ▁couple ▁of ▁other ▁brand s ▁of ▁gluten - free ▁sandwich ▁cookies ▁these ▁are ▁the ▁best ▁of ▁the ▁bunch ▁they ' re ▁cru n chy ▁and ▁true ▁to ▁the ▁texture ▁of ▁the ▁other ▁real ▁cookies ▁that ▁aren ' t ▁gluten - free ▁some ▁might ▁think ▁that ▁the ▁fill ing ▁makes ▁them ▁a ▁bit ▁too ▁sweet ▁but ▁for ▁me ▁that ▁just ▁means ▁i ' ve ▁satisfied ▁my ▁sweet ▁to oth ▁soon er ! ▁the ▁chocolate ▁version ▁from ▁glu tino ▁is ▁just ▁as ▁good ▁and ▁has ▁a ▁true ▁chocolate y ▁taste ▁- ▁something ▁that ▁isn ' t ▁there ▁with ▁the ▁other ▁gluten - free ▁brand s ▁out ▁there
"My cat loves these treats. If ever I can't find her in the house, I just pop the top and she bolts out of wherever she was hiding to come get a treat. She doesn't like crunchy treats much, so these are perfect for her. I've given her all three flavors and she seems to like them all equally. They do tend to dry out by the time I near the end of the bottle, however. The flip-top lid is very handy. Very nice, inexpensive kitty treats. I have yet to meet a cat that doesn't just love these!",my cat loves these treats if ever i can't find her in the house i just pop the top and she bolts out of wherever she was hiding to come get a treat she doesn't like crunchy treats much so these are perfect for her i've given her all three flavors and she seems to like them all equally they do tend to dry out by the time i near the end of the bottle however the flip-top lid is very handy very nice inexpensive kitty treats i have yet to meet a cat that doesn't just love these!,my cat loves these treats if ever can t find her in house just pop top she out of wherever she was hiding to come get a treat she doesn t like crunchy treats much so these are perfect for her ve given her all three flavors she seems to like them all equally they do tend to dry out by time near end of bottle however flip top lid is very handy very nice inexpensive kitty treats have yet to meet a cat that doesn t just love these,▁my ▁cat ▁love s ▁these ▁treat s ▁if ▁ever ▁i ▁can ' t ▁find ▁her ▁in ▁the ▁house ▁i ▁just ▁pop ▁the ▁top ▁and ▁she ▁bolt s ▁out ▁of ▁where ver ▁she ▁was ▁hi ding ▁to ▁come ▁get ▁a ▁treat ▁she ▁doesn ' t ▁like ▁cru n chy ▁treat s ▁much ▁so ▁these ▁are ▁perfect ▁for ▁her ▁i ' ve ▁given ▁her ▁all ▁three ▁flavor s ▁and ▁she ▁seems ▁to ▁like ▁them ▁all ▁equal ly ▁they ▁do ▁tend ▁to ▁dry ▁out ▁by ▁the ▁time ▁i ▁near ▁the ▁end ▁of ▁the ▁bottle ▁however ▁the ▁flip - top ▁lid ▁is ▁very ▁hand y ▁very ▁nice ▁in exp en sive ▁ki tty ▁treat s ▁i ▁have ▁yet ▁to ▁meet ▁a ▁cat ▁that ▁doesn ' t ▁just ▁love ▁these !
A little less than I expected.  It tends to have a muddy taste - not what I expected since they said it was the favorite of the company.,a little less than i expected it tends to have a muddy taste - not what i expected since they said it was the favorite of the company,a little less than expected it tends to have a muddy taste not what expected since they said it was favorite of company,▁a ▁little ▁less ▁than ▁i ▁expected ▁it ▁tend s ▁to ▁have ▁a ▁mudd y ▁taste ▁- ▁not ▁what ▁i ▁expected ▁since ▁they ▁said ▁it ▁was ▁the ▁favorite ▁of ▁the ▁company
"First there was Frosted Mini-Wheats, in original size, then there was Frosted Mini-Wheats Bite Size. Well, if for some reason those were too much of a mouthful, we now have Frosted Mini-Wheats Little Bits. Yes, these are about half the size of the Bite Size versions. This particular one is ""Cinnamon Roll"".<br /><br />There is nothing new to the table here with the exception of size, which I is unnecessary. Personally, I like original flavor and size the best. But the Bite Size edition were accommodating. These come off as a desperate attempt to give attention to a brand that needs some sort of life put back into it and all they came up with was making them smaller and having a new flavor, which is actually too sweet for me.<br /><br />A serving size is approximately 47 biscuits. Thats 1 gram of polyunsaturated fat, 46 grams of carbohydrates, 6g fiber, 12g of sugar, 5g of protein and 200mg of potassium. Generally they look good but I guess those that are watching their carb intake might want to be careful.<br /><br />These probably fit on a spoon better than its predecessors in a bowl of milk, but I like the other kinds cause they snack better without the milk. But here, these small ones are easily to snack more than you should.<br /><br />I am grading this product 2 stars for 3 reasons 1) I dont think making them smaller has any reason for existing outside of Kellogs filling the shelves with more versions of something that was fine to begin with. 2) This flavor, Cinnamon Roll, is sweet and has a synthetic taste to it. 3) On the plus side, I like Mini-Wheats in general, so it saved it from being one star.",first there was frosted mini-wheats in original size then there was frosted mini-wheats bite size well if for some reason those were too much of a mouthful we now have frosted mini-wheats little bits yes these are about half the size of the bite size versions this particular one is cinnamon roll there is nothing new to the table here with the exception of size which i is unnecessary personally i like original flavor and size the best but the bite size edition were accommodating these come off as a desperate attempt to give attention to a brand that needs some sort of life put back into it and all they came up with was making them smaller and having a new flavor which is actually too sweet for me a serving size is approximately 47 biscuits thats 1 gram of polyunsaturated fat 46 grams of carbohydrates 6g fiber 12g of sugar 5g of protein and 200mg of potassium generally they look good but i guess those that are watching their carb intake might want to be careful these probably fit on a spoon better than its predecessors in a bowl of milk but i like the other kinds cause they snack better without the milk but here these small ones are easily to snack more than you should i am grading this product 2 stars for 3 reasons 1 i dont think making them smaller has any reason for existing outside of kellogs filling the shelves with more versions of something that was fine to begin with 2 this flavor cinnamon roll is sweet and has a synthetic taste to it 3 on the plus side i like mini-wheats in general so it saved it from being one star,first there was frosted mini wheats in original size then there was frosted mini wheats bite size well if for some reason those were too much of a mouthful we now have frosted mini wheats little bits yes these are about half size of bite size versions this particular one is cinnamon roll there is nothing new to table here with exception of size which is unnecessary personally like original flavor size best but bite size edition were accommodating these come off as a desperate attempt to give attention to a brand that needs some sort of life put back into it all they came up with was making them smaller having a new flavor which is actually too sweet for me a serving size is approximately biscuits thats gram of fat grams of carbohydrates g fiber g of sugar g of protein mg of potassium generally they look good but guess those that are watching their carb intake might want to be careful these probably fit on a spoon better than its in a bowl of milk but like other kinds cause they snack better without milk but here these small ones are easily to snack more than you should am this product stars for reasons dont think making them smaller has any reason for outside of filling shelves with more versions of something that was fine to begin with this flavor cinnamon roll is sweet has a synthetic taste to it on plus side like mini wheats in general so it saved it from being one star,▁first ▁there ▁was ▁frost ed ▁mini - w heat s ▁in ▁original ▁size ▁then ▁there ▁was ▁frost ed ▁mini - w heat s ▁bi te ▁size ▁well ▁if ▁for ▁some ▁reason ▁those ▁were ▁too ▁much ▁of ▁a ▁mouth ful ▁we ▁now ▁have ▁frost ed ▁mini - w heat s ▁little ▁bit s ▁yes ▁these ▁are ▁about ▁half ▁the ▁size ▁of ▁the ▁bi te ▁size ▁version s ▁this ▁particular ▁one ▁is ▁cinn amon ▁roll ▁there ▁is ▁nothing ▁new ▁to ▁the ▁table ▁here ▁with ▁the ▁exception ▁of ▁size ▁which ▁i ▁is ▁un ne cess ary ▁personally ▁i ▁like ▁original ▁flavor ▁and ▁size ▁the ▁best ▁but ▁the ▁bi te ▁size ▁edition ▁were ▁accommoda ting ▁these ▁come ▁off ▁as ▁a ▁desperat e ▁attempt ▁to ▁give ▁attention ▁to ▁a ▁brand ▁that ▁needs ▁some ▁sort ▁of ▁life ▁put ▁back ▁into ▁it ▁and ▁all ▁they ▁came ▁up ▁with ▁was ▁making ▁them ▁smaller ▁and ▁having ▁a ▁new ▁flavor ▁which ▁is ▁actually ▁too ▁sweet ▁for ▁me ▁a ▁ser ving ▁size ▁is ▁approximately ▁47 ▁bis cu its ▁that s ▁1 ▁gram ▁of ▁poly un s atura ted ▁fat ▁46 ▁gram s ▁of ▁car bo hydrat es ▁6 g ▁fiber ▁12 g ▁of ▁sugar ▁5 g ▁of ▁protein ▁and ▁200 mg ▁of ▁po tas s ium ▁generally ▁they ▁look ▁good ▁but ▁i ▁guess ▁those ▁that ▁are ▁watching ▁their ▁carb ▁in take ▁might ▁want ▁to ▁be ▁care ful ▁these ▁probably ▁fit ▁on ▁a ▁spo on ▁better ▁than ▁its ▁pred e cess ors ▁in ▁a ▁bowl ▁of ▁milk ▁but ▁i ▁like ▁the ▁other ▁kind s ▁cause ▁they ▁snack ▁better ▁without ▁the ▁milk ▁but ▁here ▁these ▁small ▁ones ▁are ▁easily ▁to ▁snack ▁more ▁than ▁you ▁should ▁i ▁am ▁grad ing ▁this ▁product ▁2 ▁star s ▁for ▁3 ▁reasons ▁1 ▁i ▁dont ▁think ▁making ▁them ▁smaller ▁has ▁any ▁reason ▁for ▁existing ▁outside ▁of ▁kello gs ▁fill ing ▁the ▁she lv es ▁with ▁more ▁version s ▁of ▁something ▁that ▁was ▁fine ▁to ▁begin ▁with ▁2 ▁this ▁flavor ▁cinn amon ▁roll ▁is ▁sweet ▁and ▁has ▁a ▁synth e tic ▁taste ▁to ▁it ▁3 ▁on ▁the ▁plus ▁side ▁i ▁like ▁mini - w heat s ▁in ▁general ▁so ▁it ▁sa ved ▁it ▁from ▁being ▁one ▁star
"and I want to congratulate the graphic artist for putting the entire product name on such a small box.  The ad men must have really thought long and hard.<br /><br />But seriously, I love the product. The taste was refreshing and I thought that the taste was pleasing with no aftertaste.  Not too sweet and Goldilocks would have stopped right there if there was a choice of 3.  Easy to use as you just pour the contents into a 16 oz bottle of water and shake.  Mixed well, no granulation, you really couldn't ask for anything more and Lipton like a good drug dealer knows what they are doing, give me a taste for free and have me for life.  5 stars.",and i want to congratulate the graphic artist for putting the entire product name on such a small box the ad men must have really thought long and hard but seriously i love the product the taste was refreshing and i thought that the taste was pleasing with no aftertaste not too sweet and goldilocks would have stopped right there if there was a choice of 3 easy to use as you just pour the contents into a 16 oz bottle of water and shake mixed well no granulation you really couldn't ask for anything more and lipton like a good drug dealer knows what they are doing give me a taste for free and have me for life 5 stars,want to graphic for putting entire product name on such a small box ad men must have really thought long hard but seriously love product taste was refreshing thought that taste was pleasing with no aftertaste not too sweet goldilocks would have stopped right there if there was a choice of easy to use as you just pour contents into a oz bottle of water shake mixed well no you really couldn t ask for anything more lipton like a good drug dealer knows what they are doing give me a taste for free have me for life stars,▁and ▁i ▁want ▁to ▁congratula te ▁the ▁ graphic ▁artist ▁for ▁putting ▁the ▁entire ▁product ▁name ▁on ▁such ▁a ▁small ▁box ▁the ▁ad ▁men ▁must ▁have ▁really ▁thought ▁long ▁and ▁hard ▁but ▁seriously ▁i ▁love ▁the ▁product ▁the ▁taste ▁was ▁refresh ing ▁and ▁i ▁thought ▁that ▁the ▁taste ▁was ▁ple as ing ▁with ▁no ▁after tas te ▁not ▁too ▁sweet ▁and ▁gold i lock s ▁would ▁have ▁stopped ▁right ▁there ▁if ▁there ▁was ▁a ▁choice ▁of ▁3 ▁easy ▁to ▁use ▁as ▁you ▁just ▁pour ▁the ▁content s ▁into ▁a ▁16 ▁oz ▁bottle ▁of ▁water ▁and ▁shake ▁mix ed ▁well ▁no ▁gran ulation ▁you ▁really ▁couldn ' t ▁ask ▁for ▁anything ▁more ▁and ▁lip ton ▁like ▁a ▁good ▁drug ▁dealer ▁knows ▁what ▁they ▁are ▁doing ▁give ▁me ▁a ▁taste ▁for ▁free ▁and ▁have ▁me ▁for ▁life ▁5 ▁star s
"Please add more Pineapple flavor to your packages of lifesavers, in fact, can you sell pineapple flavor by itself?",please add more pineapple flavor to your packages of lifesavers in fact can you sell pineapple flavor by itself?,please add more pineapple flavor to your packages of lifesavers in fact can you sell pineapple flavor by itself,▁please ▁add ▁more ▁pin e app le ▁flavor ▁to ▁your ▁package s ▁of ▁life sa vers ▁in ▁fact ▁can ▁you ▁sell ▁pin e app le ▁flavor ▁by ▁itself ?
I absolutely love Yorkshire tea and am so glad it is now available on Amazon!  A cup of this full-bodied black tea with milk in the morning is how I start each day and just love it!,i absolutely love yorkshire tea and am so glad it is now available on amazon! a cup of this full-bodied black tea with milk in the morning is how i start each day and just love it!,absolutely love yorkshire tea am so glad it is now available on amazon a cup of this full bodied black tea with milk in morning is how start each day just love it,▁i ▁absolutely ▁love ▁yor k shire ▁tea ▁and ▁am ▁so ▁glad ▁it ▁is ▁now ▁available ▁on ▁ama zon ! ▁a ▁cup ▁of ▁this ▁full - bod i ed ▁black ▁tea ▁with ▁milk ▁in ▁the ▁morning ▁is ▁how ▁i ▁start ▁each ▁day ▁and ▁just ▁love ▁it !
I have such a hard time finding loose tea locally. Being able to order my favorite Lady Grey tea on Amazon is convenient and timesaving. The tea comes in a six-pack of tins that are just the right size to insure continued freshness. Speedy shipping too!,i have such a hard time finding loose tea locally being able to order my favorite lady grey tea on amazon is convenient and timesaving the tea comes in a six-pack of tins that are just the right size to insure continued freshness speedy shipping too!,have such a hard time finding loose tea locally being able to order my favorite lady grey tea on amazon is convenient tea comes in a six pack of tins that are just right size to insure continued freshness shipping too,▁i ▁have ▁such ▁a ▁hard ▁time ▁finding ▁loo se ▁tea ▁local ly ▁being ▁able ▁to ▁order ▁my ▁favorite ▁lady ▁gre y ▁tea ▁on ▁ama zon ▁is ▁convenient ▁and ▁times a ving ▁the ▁tea ▁comes ▁in ▁a ▁six - pack ▁of ▁tin s ▁that ▁are ▁just ▁the ▁right ▁size ▁to ▁in sure ▁continued ▁fresh ness ▁speed y ▁shipping ▁too !
"Previously, I've attempted a recipe with white rice noodles and overcooked them, which made them soggy. So I was determined not to overcook these brown rice noodles. I tried making two dishes. The first was a miso soup with brown rice noodles, which was really just broth with miso and green onions and the noodles added when it was hot. The noodles softened and puffed up, but I think I should of softened them in water and maybe rinsed them first. The broth ended up being a little starchy from the noodles, but it was pretty good.<br /><br />The noodles by themselves don't really have any flavor, they just take on the flavor of whatever dish they are in. So the rice noodles in miso probably wasn't the best idea because the mild miso flavor didn't really give the noodles much flavor. I also tried stir frying the noodles which was much better. I just soaked the noodles in hot water, for about a minute, and then drained them. They came out clear and kind of crunchy. Then I stir fried them with garlic, onion, salt, and coconut oil. I also added some vinegar and nama shoyu for flavor. These noodles came out crunchy and spicy and actually were pretty good.<br /><br />The nice thing about these noodles is they only need about a minute in warm water and then they can be fried or added to soups or other dishes, so they are fairly versatile. They are also gluten free and the brown rice noodles seem more firm than the white rice noodles. As another reviewer posted it does look like these noodles are made in Singapore.",previously i've attempted a recipe with white rice noodles and overcooked them which made them soggy so i was determined not to overcook these brown rice noodles i tried making two dishes the first was a miso soup with brown rice noodles which was really just broth with miso and green onions and the noodles added when it was hot the noodles softened and puffed up but i think i should of softened them in water and maybe rinsed them first the broth ended up being a little starchy from the noodles but it was pretty good the noodles by themselves don't really have any flavor they just take on the flavor of whatever dish they are in so the rice noodles in miso probably wasn't the best idea because the mild miso flavor didn't really give the noodles much flavor i also tried stir frying the noodles which was much better i just soaked the noodles in hot water for about a minute and then drained them they came out clear and kind of crunchy then i stir fried them with garlic onion salt and coconut oil i also added some vinegar and nama shoyu for flavor these noodles came out crunchy and spicy and actually were pretty good the nice thing about these noodles is they only need about a minute in warm water and then they can be fried or added to soups or other dishes so they are fairly versatile they are also gluten free and the brown rice noodles seem more firm than the white rice noodles as another reviewer posted it does look like these noodles are made in singapore,previously ve attempted a recipe with white rice noodles overcooked them which made them soggy so was determined not to overcook these brown rice noodles tried making two dishes first was a miso soup with brown rice noodles which was really just broth with miso green onions noodles added when it was hot noodles softened puffed up but think should of softened them in water maybe rinsed them first broth ended up being a little starchy from noodles but it was pretty good noodles by themselves don t really have any flavor they just take on flavor of whatever dish they are in so rice noodles in miso probably wasn t best idea because mild miso flavor didn t really give noodles much flavor also tried stir frying noodles which was much better just soaked noodles in hot water for about a minute then drained them they came out clear kind of crunchy then stir fried them with garlic onion salt coconut oil also added some vinegar for flavor these noodles came out crunchy spicy actually were pretty good nice thing about these noodles is they only need about a minute in warm water then they can be fried or added to soups or other dishes so they are fairly versatile they are also gluten free brown rice noodles seem more firm than white rice noodles as another reviewer posted it does look like these noodles are made in singapore,▁previously ▁i ' ve ▁attempt ed ▁a ▁recipe ▁with ▁white ▁rice ▁nood les ▁and ▁over co ok ed ▁them ▁which ▁made ▁them ▁so ggy ▁so ▁i ▁was ▁determine d ▁not ▁to ▁over co ok ▁these ▁brown ▁rice ▁nood les ▁i ▁tried ▁making ▁two ▁di shes ▁the ▁first ▁was ▁a ▁mis o ▁soup ▁with ▁brown ▁rice ▁nood les ▁which ▁was ▁really ▁just ▁bro th ▁with ▁mis o ▁and ▁green ▁on ions ▁and ▁the ▁nood les ▁added ▁when ▁it ▁was ▁hot ▁the ▁nood les ▁soft en ed ▁and ▁puff ed ▁up ▁but ▁i ▁think ▁i ▁should ▁of ▁soft en ed ▁them ▁in ▁water ▁and ▁maybe ▁rin sed ▁them ▁first ▁the ▁bro th ▁ended ▁up ▁being ▁a ▁little ▁star chy ▁from ▁the ▁nood les ▁but ▁it ▁was ▁pretty ▁good ▁the ▁nood les ▁by ▁themselves ▁don ' t ▁really ▁have ▁any ▁flavor ▁they ▁just ▁take ▁on ▁the ▁flavor ▁of ▁whatever ▁di sh ▁they ▁are ▁in ▁so ▁the ▁rice ▁nood les ▁in ▁mis o ▁probably ▁wasn ' t ▁the ▁best ▁idea ▁because ▁the ▁mild ▁mis o ▁flavor ▁didn ' t ▁really ▁give ▁the ▁nood les ▁much ▁flavor ▁i ▁also ▁tried ▁stir ▁fry ing ▁the ▁nood les ▁which ▁was ▁much ▁better ▁i ▁just ▁so ak ed ▁the ▁nood les ▁in ▁hot ▁water ▁for ▁about ▁a ▁minute ▁and ▁then ▁dr ained ▁them ▁they ▁came ▁out ▁clear ▁and ▁kind ▁of ▁cru n chy ▁then ▁i ▁stir ▁ fried ▁them ▁with ▁gar lic ▁on ion ▁salt ▁and ▁coco nut ▁oil ▁i ▁also ▁added ▁some ▁vine gar ▁and ▁nama ▁sho yu ▁for ▁flavor ▁these ▁nood les ▁came ▁out ▁cru n chy ▁and ▁spi cy ▁and ▁actually ▁were ▁pretty ▁good ▁the ▁nice ▁thing ▁about ▁these ▁nood les ▁is ▁they ▁only ▁need ▁about ▁a ▁minute ▁in ▁warm ▁water ▁and ▁then ▁they ▁can ▁be ▁ fried ▁or ▁added ▁to ▁soup s ▁or ▁other ▁di shes ▁so ▁they ▁are ▁fairly ▁versatil e ▁they ▁are ▁also ▁gluten ▁free ▁and ▁the ▁brown ▁rice ▁nood les ▁seem ▁more ▁firm ▁than ▁the ▁white ▁rice ▁nood les ▁as ▁another ▁review er ▁posted ▁it ▁does ▁look ▁like ▁these ▁nood les ▁are ▁made ▁in ▁sing a pore
"I make pancakes or waffles every Saturday morning with my kids, and there simply is no comparison between this product and any other baking powder I have come across. Even the more expensive brands from Trader Joe's or Whole Foods pale in comparison. Batter comes out light and fluffy every time, and my kids love them. I have also been known to eat a pancake or two. Get the pack of 6 and store up.",i make pancakes or waffles every saturday morning with my kids and there simply is no comparison between this product and any other baking powder i have come across even the more expensive brands from trader joe's or whole foods pale in comparison batter comes out light and fluffy every time and my kids love them i have also been known to eat a pancake or two get the pack of 6 and store up,make pancakes or waffles every saturday morning with my kids there simply is no comparison between this product any other baking powder have come across even more expensive brands from trader joe s or whole foods pale in comparison batter comes out light fluffy every time my kids love them have also been known to eat a pancake or two get pack of store up,▁i ▁make ▁pancake s ▁or ▁wa ff les ▁every ▁satur day ▁morning ▁with ▁my ▁kids ▁and ▁there ▁simply ▁is ▁no ▁comparison ▁between ▁this ▁product ▁and ▁any ▁other ▁bak ing ▁powder ▁i ▁have ▁come ▁across ▁even ▁the ▁more ▁expensive ▁brand s ▁from ▁trader ▁jo e ' s ▁or ▁whole ▁food s ▁pale ▁in ▁comparison ▁bat ter ▁comes ▁out ▁light ▁and ▁flu ffy ▁every ▁time ▁and ▁my ▁kids ▁love ▁them ▁i ▁have ▁also ▁been ▁known ▁to ▁eat ▁a ▁pancake ▁or ▁two ▁get ▁the ▁pack ▁of ▁6 ▁and ▁store ▁up
"I am a lover of coffee and will try almost any coffee product once. I own a coffee pod maker at work, and I have been using Senseo's medium roast and espresso pods for a few months, but after trying Marley Coffee, I do not think I can go back to Senseo. I am not demeaning Senseo's quality, but I am certainly highlighting my preference for Marley Coffee. I will admit that when it comes to pod coffee, I do not expect much, and that's probably why I have stuck to only one brand; Marley Coffee, however, went beyond my expectations. I like my coffee strong; therefore, I recommend one pours no more than 6 oz. per pod for a strong flavor (this is coming from a person who drinks `straight' coffee; I never add other ingredients or sweeteners)). On a side note, there was no particular exotic/fruity taste to this coffee, but the overall quality met my expectations and passed the ""will continue to buy"" test. Other perks: it's organic, natural, and tasty, which, in my book, is worth the price.",i am a lover of coffee and will try almost any coffee product once i own a coffee pod maker at work and i have been using senseo's medium roast and espresso pods for a few months but after trying marley coffee i do not think i can go back to senseo i am not demeaning senseo's quality but i am certainly highlighting my preference for marley coffee i will admit that when it comes to pod coffee i do not expect much and that's probably why i have stuck to only one brand marley coffee however went beyond my expectations i like my coffee strong therefore i recommend one pours no more than 6 oz per pod for a strong flavor this is coming from a person who drinks straight' coffee i never add other ingredients or sweeteners on a side note there was no particular exotic fruity taste to this coffee but the overall quality met my expectations and passed the will continue to buy test other perks it's organic natural and tasty which in my book is worth the price,am a lover of coffee will try almost any coffee product once own a coffee pod maker at work have been using senseo s medium roast espresso pods for a few months but after trying marley coffee do not think can go back to senseo am not senseo s quality but am certainly my preference for marley coffee will admit that when it comes to pod coffee do not expect much that s probably why have stuck to only one brand marley coffee however went beyond my expectations like my coffee strong therefore recommend one pours no more than oz per pod for a strong flavor this is coming from a person who drinks straight coffee never add other ingredients or sweeteners on a side note there was no particular exotic fruity taste to this coffee but overall quality met my expectations passed will continue to buy test other perks it s organic natural tasty which in my book is worth price,▁i ▁am ▁a ▁lover ▁of ▁coffee ▁and ▁will ▁try ▁almost ▁any ▁coffee ▁product ▁once ▁i ▁own ▁a ▁coffee ▁pod ▁ maker ▁at ▁work ▁and ▁i ▁have ▁been ▁using ▁sense o ' s ▁medium ▁ro ast ▁and ▁espresso ▁pod s ▁for ▁a ▁few ▁months ▁but ▁after ▁trying ▁mar ley ▁coffee ▁i ▁do ▁not ▁think ▁i ▁can ▁go ▁back ▁to ▁sense o ▁i ▁am ▁not ▁de mea ning ▁sense o ' s ▁quality ▁but ▁i ▁am ▁certainly ▁highlight ing ▁my ▁preference ▁for ▁mar ley ▁coffee ▁i ▁will ▁admit ▁that ▁when ▁it ▁comes ▁to ▁pod ▁coffee ▁i ▁do ▁not ▁expect ▁much ▁and ▁that ' s ▁probably ▁why ▁i ▁have ▁stuck ▁to ▁only ▁one ▁brand ▁mar ley ▁coffee ▁however ▁went ▁beyond ▁my ▁expectations ▁i ▁like ▁my ▁coffee ▁strong ▁therefore ▁i ▁recommend ▁one ▁pour s ▁no ▁more ▁than ▁6 ▁oz ▁per ▁pod ▁for ▁a ▁strong ▁flavor ▁this ▁is ▁coming ▁from ▁a ▁person ▁who ▁drink s ▁straight ' ▁coffee ▁i ▁never ▁add ▁other ▁ingredients ▁or ▁sweet en ers ▁on ▁a ▁side ▁note ▁there ▁was ▁no ▁particular ▁exotic ▁fruit y ▁taste ▁to ▁this ▁coffee ▁but ▁the ▁overall ▁quality ▁met ▁my ▁expectations ▁and ▁passed ▁the ▁will ▁continue ▁to ▁buy ▁test ▁other ▁per ks ▁it ' s ▁organic ▁natural ▁and ▁ta sty ▁which ▁in ▁my ▁book ▁is ▁worth ▁the ▁price
In the UK this is one of the most popular chocolate bars.  It is a light honeycomb bar covered in Cadburys Milk Chocolate. If you like toffee and chocolate you will love these!,in the uk this is one of the most popular chocolate bars it is a light honeycomb bar covered in cadburys milk chocolate if you like toffee and chocolate you will love these!,in uk this is one of most popular chocolate bars it is a light honeycomb bar covered in milk chocolate if you like toffee chocolate you will love these,▁in ▁the ▁uk ▁this ▁is ▁one ▁of ▁the ▁most ▁popular ▁chocolate ▁bar s ▁it ▁is ▁a ▁light ▁honey com b ▁bar ▁covered ▁in ▁cad bury s ▁milk ▁chocolate ▁if ▁you ▁like ▁to ffe e ▁and ▁chocolate ▁you ▁will ▁love ▁these !
My daughter bought a Keurig coffee maker for my husband for Christmas. His favorite coffee is Starbucks House Blend so when I found that I could get the K cups I decided to get several for him for Christmas. They arrived very quickly and were just as described. He has been enjoying his coffee so it must be good.,my daughter bought a keurig coffee maker for my husband for christmas his favorite coffee is starbucks house blend so when i found that i could get the k cups i decided to get several for him for christmas they arrived very quickly and were just as described he has been enjoying his coffee so it must be good,my daughter bought a keurig coffee maker for my husband for christmas his favorite coffee is starbucks house blend so when found that could get k cups decided to get several for him for christmas they arrived very quickly were just as described he has been enjoying his coffee so it must be good,▁my ▁daughter ▁bought ▁a ▁keur ig ▁coffee ▁ maker ▁for ▁my ▁husband ▁for ▁christ mas ▁his ▁favorite ▁coffee ▁is ▁star buck s ▁house ▁blend ▁so ▁when ▁i ▁found ▁that ▁i ▁could ▁get ▁the ▁k ▁cup s ▁i ▁decided ▁to ▁get ▁several ▁for ▁him ▁for ▁christ mas ▁they ▁arrived ▁very ▁quickly ▁and ▁were ▁just ▁as ▁described ▁he ▁has ▁been ▁enjoy ing ▁his ▁coffee ▁so ▁it ▁must ▁be ▁good
Comparable flavor to Starbucks and cost much less. I don't know why anyone would buy a 12 pack. All flavors are good as well.,comparable flavor to starbucks and cost much less i don't know why anyone would buy a 12 pack all flavors are good as well,comparable flavor to starbucks cost much less don t know why anyone would buy a pack all flavors are good as well,▁comparable ▁flavor ▁to ▁star buck s ▁and ▁cost ▁much ▁less ▁i ▁don ' t ▁know ▁why ▁anyone ▁would ▁buy ▁a ▁12 ▁pack ▁all ▁flavor s ▁are ▁good ▁as ▁well
"Simply awful.  This product should be taken off the market immediately.  They did absolutely nothing for my 2-yr old dog's teeth.  I gave him about 4 per week until he almost choked to death on about the 10th one.  Awful, dangerous product, simple as that.",simply awful this product should be taken off the market immediately they did absolutely nothing for my 2-yr old dog's teeth i gave him about 4 per week until he almost choked to death on about the 10th one awful dangerous product simple as that,simply awful this product should be taken off market immediately they did absolutely nothing for my yr old dog s teeth gave him about per week until he almost choked to death on about th one awful dangerous product simple as that,▁simply ▁a w ful ▁this ▁product ▁should ▁be ▁taken ▁off ▁the ▁market ▁immediately ▁they ▁did ▁absolutely ▁nothing ▁for ▁my ▁2- yr ▁old ▁dog ' s ▁te eth ▁i ▁gave ▁him ▁about ▁4 ▁per ▁week ▁until ▁he ▁almost ▁cho ked ▁to ▁death ▁on ▁about ▁the ▁10 th ▁one ▁a w ful ▁dangerous ▁product ▁simple ▁as ▁that
"I would give it.  This hot sauce is the best hot sauce that has ever been made with human hands.  To compare this to Tabasco is an utter mockery, but that is the most common ""hot sauce"" that most Americans have experienced, so that is the one that I will compare it to.  Anyone that would try to genuinely compare the two should have a CAT scan done.  A 7 out of 10 as far as hotness, Tapatio can go on anything that you need to make spicy and tasty.  Try putting a couple of squirts of this Mexican nectar in a bag of Doritos and you WILL NOT be able to put them down.  Buy the 32 oz. size, you will not regret it!",i would give it this hot sauce is the best hot sauce that has ever been made with human hands to compare this to tabasco is an utter mockery but that is the most common hot sauce that most americans have experienced so that is the one that i will compare it to anyone that would try to genuinely compare the two should have a cat scan done a 7 out of 10 as far as hotness tapatio can go on anything that you need to make spicy and tasty try putting a couple of squirts of this mexican nectar in a bag of doritos and you will not be able to put them down buy the 32 oz size you will not regret it!,would give it this hot sauce is best hot sauce that has ever been made with human hands to compare this to tabasco is an but that is most common hot sauce that most americans have experienced so that is one that will compare it to anyone that would try to genuinely compare two should have a cat done a out of as far as hotness can go on anything that you need to make spicy tasty try putting a couple of squirts of this mexican nectar in a bag of doritos you will not be able to put them down buy oz size you will not regret it,▁i ▁would ▁give ▁it ▁this ▁hot ▁sauce ▁is ▁the ▁best ▁hot ▁sauce ▁that ▁has ▁ever ▁been ▁made ▁with ▁human ▁hands ▁to ▁compare ▁this ▁to ▁taba sco ▁is ▁an ▁u tter ▁mo cker y ▁but ▁that ▁is ▁the ▁most ▁common ▁hot ▁sauce ▁that ▁most ▁american s ▁have ▁experienced ▁so ▁that ▁is ▁the ▁one ▁that ▁i ▁will ▁compare ▁it ▁to ▁anyone ▁that ▁would ▁try ▁to ▁genuin ely ▁compare ▁the ▁two ▁should ▁have ▁a ▁cat ▁scan ▁done ▁a ▁7 ▁out ▁of ▁10 ▁as ▁far ▁as ▁hot ness ▁tapa tio ▁can ▁go ▁on ▁anything ▁that ▁you ▁need ▁to ▁make ▁spi cy ▁and ▁ta sty ▁try ▁putting ▁a ▁couple ▁of ▁squirt s ▁of ▁this ▁mexi can ▁nec tar ▁in ▁a ▁bag ▁of ▁dorit os ▁and ▁you ▁will ▁not ▁be ▁able ▁to ▁put ▁them ▁down ▁buy ▁the ▁32 ▁oz ▁size ▁you ▁will ▁not ▁regret ▁it !
"Luckily this is available locally so I got to try it without ordering a whole case. I find it absolutely delicious. So far it got used to make a black rice with dried cranberry dish, very simple. Tomorrow a pumpkin curry soup, then I think a chicken curry the next day. I'm looking into making my own coconut milk so I don't have to worry about using a whole can before it goes bad, but meanwhile I am delighted with this brand in both taste and consistency.<br /><br />AND let me not forget to praise the manufacturer for resisting the temptation to add those poisons people think are preservatives (particularly sodium metabisulfite). I'd rather there were no guar gum, frankly, but was unable to find any without that at local supermarkets.",luckily this is available locally so i got to try it without ordering a whole case i find it absolutely delicious so far it got used to make a black rice with dried cranberry dish very simple tomorrow a pumpkin curry soup then i think a chicken curry the next day i'm looking into making my own coconut milk so i don't have to worry about using a whole can before it goes bad but meanwhile i am delighted with this brand in both taste and consistency and let me not forget to praise the manufacturer for resisting the temptation to add those poisons people think are preservatives particularly sodium metabisulfite i'd rather there were no guar gum frankly but was unable to find any without that at local supermarkets,luckily this is available locally so got to try it without ordering a whole case find it absolutely delicious so far it got used to make a black rice with dried cranberry dish very simple tomorrow a pumpkin curry soup then think a chicken curry next day m looking into making my own coconut milk so don t have to worry about using a whole can before it goes bad but meanwhile am delighted with this brand in both taste consistency let me not forget to praise manufacturer for resisting temptation to add those people think are preservatives particularly sodium metabisulfite d rather there were no guar gum frankly but was unable to find any without that at local supermarkets,▁luck ily ▁this ▁is ▁available ▁local ly ▁so ▁i ▁got ▁to ▁try ▁it ▁without ▁order ing ▁a ▁whole ▁case ▁i ▁find ▁it ▁absolutely ▁de li cious ▁so ▁far ▁it ▁got ▁used ▁to ▁make ▁a ▁black ▁rice ▁with ▁drie d ▁cr an berry ▁di sh ▁very ▁simple ▁tomorrow ▁a ▁pump kin ▁curry ▁soup ▁then ▁i ▁think ▁a ▁chicken ▁curry ▁the ▁next ▁day ▁i ' m ▁looking ▁into ▁making ▁my ▁own ▁coco nut ▁milk ▁so ▁i ▁don ' t ▁have ▁to ▁worry ▁about ▁using ▁a ▁whole ▁can ▁before ▁it ▁goes ▁bad ▁but ▁mean while ▁i ▁am ▁de light ed ▁with ▁this ▁brand ▁in ▁both ▁taste ▁and ▁consiste ncy ▁and ▁let ▁me ▁not ▁forget ▁to ▁pra ise ▁the ▁manufacture r ▁for ▁resist ing ▁the ▁temp tation ▁to ▁add ▁those ▁pois ons ▁people ▁think ▁are ▁preserva tives ▁particularly ▁so dium ▁meta bis ul fi te ▁i ' d ▁rather ▁there ▁were ▁no ▁ guar ▁gum ▁frank ly ▁but ▁was ▁un able ▁to ▁find ▁any ▁without ▁that ▁at ▁local ▁supermarket s
"This oatmeal is great.  I eat it almost every morning.  The brands in the stores I was buying had changed the texture and I did not like them anymore.  I coould not find an oatmeal I liked so I stopped eating oatmeal..... until I found out about McCann's. The cost is the same as in the store and with free shipping from Amazon, I don't lose out at all.",this oatmeal is great i eat it almost every morning the brands in the stores i was buying had changed the texture and i did not like them anymore i coould not find an oatmeal i liked so i stopped eating oatmeal until i found out about mccann's the cost is the same as in the store and with free shipping from amazon i don't lose out at all,this oatmeal is great eat it almost every morning brands in stores was buying had changed texture did not like them anymore not find an oatmeal liked so stopped eating oatmeal until found out about mccann s cost is same as in store with free shipping from amazon don t lose out at all,▁this ▁o at me al ▁is ▁great ▁i ▁eat ▁it ▁almost ▁every ▁morning ▁the ▁brand s ▁in ▁the ▁store s ▁i ▁was ▁buying ▁had ▁changed ▁the ▁texture ▁and ▁i ▁did ▁not ▁like ▁them ▁anymore ▁i ▁co o uld ▁not ▁find ▁an ▁o at me al ▁i ▁like d ▁so ▁i ▁stopped ▁eating ▁o at me al ▁until ▁i ▁found ▁out ▁about ▁m cc ann ' s ▁the ▁cost ▁is ▁the ▁same ▁as ▁in ▁the ▁store ▁and ▁with ▁free ▁shipping ▁from ▁ama zon ▁i ▁don ' t ▁los e ▁out ▁at ▁all
Satin Ice is the best tasting fondant I can find on the market.  It's a little more sticky than other types of fondant but you can keep it from sticking to your hands by rubbing some crisco on your hands before working with the fondant.,satin ice is the best tasting fondant i can find on the market it's a little more sticky than other types of fondant but you can keep it from sticking to your hands by rubbing some crisco on your hands before working with the fondant,satin ice is best tasting fondant can find on market it s a little more sticky than other types of fondant but you can keep it from sticking to your hands by some on your hands before working with fondant,▁sa tin ▁ ice ▁is ▁the ▁best ▁tas ting ▁fond ant ▁i ▁can ▁find ▁on ▁the ▁market ▁it ' s ▁a ▁little ▁more ▁stick y ▁than ▁other ▁types ▁of ▁fond ant ▁but ▁you ▁can ▁keep ▁it ▁from ▁stick ing ▁to ▁your ▁hands ▁by ▁rub bing ▁some ▁cri sco ▁on ▁your ▁hands ▁before ▁working ▁with ▁the ▁fond ant
I bought this for my 73 year old dad he had seen it on a commercial and thought it looked like good stuff..he is very pleased with it,i bought this for my 73 year old dad he had seen it on a commercial and thought it looked like good stuff he is very pleased with it,bought this for my year old dad he had seen it on a commercial thought it looked like good stuff he is very pleased with it,▁i ▁bought ▁this ▁for ▁my ▁73 ▁year ▁old ▁dad ▁he ▁had ▁seen ▁it ▁on ▁a ▁commercial ▁and ▁thought ▁it ▁looked ▁like ▁good ▁stuff ▁he ▁is ▁very ▁pleased ▁with ▁it
